,KS_only_axis,KS_only_gyro,KS_both_axis_gyro
Mean,0.4894157124646231,0.11761777205088406,0.15626234827631907
Std,0.28080628525348283,0.12591390201580527,0.15820267119030673
