,KS_only_axis,KS_only_gyro,KS_both_axis_gyro
Mean,0.5214377426444956,0.1441894376257907,0.230031801834768
Std,0.2303613302366552,0.11589668134216016,0.2025777029548116
