,KS_only_axis,KS_only_gyro,KS_both_axis_gyro
Mean,0.508207115,0.120961342,0.236066342
Std,0.259986836,0.122592281,0.211856661
